title,price,image
Enterprise Remote Access Card for Idrac6.Professional Controller Supervisor Adapter for Dell PowerEdge R210 R310 T310 R410 T410 R510 R610 R710 Server,$9.01,https://m.media-amazon.com/images/I/51O7m6uW4NL._AC_UL320_.jpg
iDRAC6 Enterprise Remote Access Card. iDRAC6 Enterprise Remote Access Controller for PowerEdge R210 R310 T310 R410 T410 R510 R610 R710 Server,$9.04,https://m.media-amazon.com/images/I/61sm8m-WuaL._AC_UL320_.jpg
Learn SQL Server Administration in a Month of Lunches: Covers Microsoft SQL Server 2005-2014,$34.99,https://m.media-amazon.com/images/I/714DD6ZMInL._AC_UL320_.jpg
RAISING ELECTRONICS Cantilever Server Shelf Vented Shelves Rack Mount 19inch 1U 10inch(250mm) Deep,$19.99,https://m.media-amazon.com/images/I/515olrr1CpL._AC_UL320_.jpg
Server Interposer Card 04M4C Array Card 004M4C Replacement for DELL EMC Poweredge R740 R740XD H740P,$22.90,https://m.media-amazon.com/images/I/71eSiFVYZrL._AC_UL320_.jpg
Hospitality Consumer HB46/MSHAKER-PB-001 M Shaker 20 oz. - Black,$13.29,https://m.media-amazon.com/images/I/51FGr6TmpQL._AC_UL320_.jpg
SFP-1G-SX-DEL 1G SX SFP Module1.25G. SFP. 850nm. 550M Transceiver. LC Connector for MMF with DOM,$24.78,https://m.media-amazon.com/images/I/51w-c2DT0QL._AC_UL320_.jpg
Hospitality Consumer HG46/X-038-001 Tulip Glass 40.5 oz.,$6.82,https://m.media-amazon.com/images/I/71-zCFUv9RL._AC_UL320_.jpg
Hospitality Consumer HB46/BARSTIK-PB-001 Barstik 9 - Black,$9.41,https://m.media-amazon.com/images/I/71IZ6ViCh8L._AC_UL320_.jpg
Hospitality Consumer HB46/JULEP-G-001 Juliep 6.5 Dual Purpose Strainer - Gold,$5.03,https://m.media-amazon.com/images/I/71zKOOVQd6L._AC_UL320_.jpg
Hospitality Consumer HB46/BF006-001 Barflow 4.75 - Black,$3.95,https://m.media-amazon.com/images/I/61BiPWOyzkL._AC_UL320_.jpg
Hospitality Consumer HB46/PSS-001 Pro Shaker Set,$16.01,https://m.media-amazon.com/images/I/61hM5KF3+5L._AC_UL320_.jpg
iDRAC6 Enterprise Remote Access Card. iDRAC6 Enterprise Remote Access Controller for PowerEdge R210 R310 T310 R410 T410 R510 R610 R710 Server,$9.04,https://m.media-amazon.com/images/I/61sm8m-WuaL._AC_UL320_.jpg
Enterprise Remote Access Card for Idrac6.Professional Controller Supervisor Adapter for Dell PowerEdge R210 R310 T310 R410 T410 R510 R610 R710 Server,$9.01,https://m.media-amazon.com/images/I/51O7m6uW4NL._AC_UL320_.jpg
Hp Dl360 Gen9 Lff Sys Insght Dsply Kit,$15.59,https://m.media-amazon.com/images/I/11ILPxlxYUL._AC_UL320_.jpg
IBM 4849KDF Windows Small Business Server 2011 (CD-ROM),$13.23,https://m.media-amazon.com/images/I/71nL4XUcG6L._AC_UL320_.jpg
Ladder Hanger Kit. Cable Trough,$22.85,https://m.media-amazon.com/images/I/71hWDUrDT2L._AC_UL320_.jpg
Axis Communications 0185-004 Video Server. 241Q,$15.99,https://m.media-amazon.com/images/I/91dwvEcytyL._AC_UL320_.jpg
HP 452698-B21 PCI-X Riser Kit FORDL160G5/DL165G5 Serial Port Card,$14.14,https://m.media-amazon.com/images/I/41foOQuFW2S._AC_UL320_.jpg
Panduit S6219BF,$13.14,https://m.media-amazon.com/images/I/51PAhu22CvL._AC_UL320_.jpg
Panduit N8522BYT,$17.17,https://m.media-amazon.com/images/I/41ogglUD7aL._AC_UL320_.jpg
Panduit N8829BT,$20.09,https://m.media-amazon.com/images/I/81q+I96aqTL._AC_UL320_.jpg
Panduit S6229BF,$14.85,https://m.media-amazon.com/images/I/21DiDM6078L._AC_UL320_.jpg
Panduit N8212BT,$14.26,https://m.media-amazon.com/images/I/21ct6JWsDOL._AC_UL320_.jpg
Panduit N8522BS,$17.44,https://m.media-amazon.com/images/I/21aHiu-WGSL._AC_UL320_.jpg
Panduit S7829BT,$7.72,https://m.media-amazon.com/images/I/21arKLkNTQL._AC_UL320_.jpg
